id,title,detail__labels,detail__author_id,detail__id,detail__summary,detail__tagline,detail__text,detail__title,detail__value
4:d8df8010-334e-4fc6-b969-519394614559:5097,SUBJECT,,author-0084,"""-Ob8B6CTS4Drwrs1SUpM""",,"""“Politics and People: Bridging the Gap”. Many feel disconnected from politics, believing decision-makers aren’t hearing their real needs. Let’s explore how politicians could better listen, understand and act on public opinion. This discussion invites you to share creative solutions, tools, or approaches that could strengthen the connection between citizens and policymakers — so voices are truly heard and acted upon.""",,"""What would you ask policymakers to focus on that is more relevant to you?""",
4:d8df8010-334e-4fc6-b969-519394614559:5098,POSITION,,author-0050,"""-ObCGXgU1tVrBhbJkJXO""",,,"""There is significant technological innovation available today that could greatly enhance policymaking by improving how governments listen to and respond to citizens' needs. At the local level, for instance, dedicated apps could allow residents to flag issues in real time — from school facilities and street maintenance to public transportation and health services. Such tools would create more direct and transparent communication channels between citizens and public administrations, speeding up problem-solving and enabling people to see tangible, timely results from government action.""",,
4:d8df8010-334e-4fc6-b969-519394614559:5089,INFAVOR,,author-0100,"""-ObC_jKmf8Jx25fVowCK""",,,"""improving the way we communicate to policymakers will improve how we work with them to achieve common goals. But if there are tools like that I do not know them.where can I find them?""",,
4:d8df8010-334e-4fc6-b969-519394614559:5090,CLUSTER,,,"""-ObCGXgU1tVrBhbJkJXO_argument_for_0""","""i agree, accountability and feedback mechanisms should be strengthened in our democratic system. i agree because technology can really help citizens communicate better with public administrations. but these tools should be simple to' use that everyone can access them improving the way we communicate to policymakers will improve how we work with them to achieve common goals. but if there are tools like that i do not know them.""",,,"""Enhancing Governance Through Technology: Fostering Greater Civic Engagement and Trust in Public Institutions""",
4:d8df8010-334e-4fc6-b969-519394614559:4121,ENTITY,,,,,,,,"""policymakers"""
4:d8df8010-334e-4fc6-b969-519394614559:2202,ENTITY,,,,,,,,"""communication"""
4:d8df8010-334e-4fc6-b969-519394614559:4599,ENTITY,,,,,,,,"""work"""
4:d8df8010-334e-4fc6-b969-519394614559:4270,ENTITY,,,,,,,,"""common goals"""
4:d8df8010-334e-4fc6-b969-519394614559:5073,ENTITY,,,,,,,,"""tools"""
4:d8df8010-334e-4fc6-b969-519394614559:5074,ENTITY,,,,,,,,"""finding"""
4:d8df8010-334e-4fc6-b969-519394614559:5075,INFAVOR,,author-0014,"""-ObDAU8bMFO2-eoiD5o3""",,,"""perchè una continua ed assidua segnalazione dei cittadini può spongere ad una più veloce realzione delle istituzioni""",,
4:d8df8010-334e-4fc6-b969-519394614559:5078,ENTITY,,,,,,,,"""realzione delle istituzioni"""
4:d8df8010-334e-4fc6-b969-519394614559:5076,ENTITY,,,,,,,,"""segnalazione dei cittadini"""
4:d8df8010-334e-4fc6-b969-519394614559:5079,AGAINST,,author-0014,"""-ObDAU8kU9h5Q6GtLGmH""",,,"""perchè è irrilevante la comunicazione se non segue l'azione.""",,
4:d8df8010-334e-4fc6-b969-519394614559:5082,INFAVOR,,author-0050,"""-ObDHNsGcN_ZX0913c_i""",,,"""I agree, accountability and feedback mechanisms should be strengthened in our democratic system. """,,
4:d8df8010-334e-4fc6-b969-519394614559:5084,ENTITY,,,,,,,,"""democratic system"""
4:d8df8010-334e-4fc6-b969-519394614559:5083,ENTITY,,,,,,,,"""accountability mechanisms"""
4:d8df8010-334e-4fc6-b969-519394614559:5086,ENTITY,,,,,,,,"""feedback mechanisms"""
4:d8df8010-334e-4fc6-b969-519394614559:5096,INFAVOR,,author-0050,"""-ObDHrqxLU636t66WxCQ""",,,"""Yes, citizens should be invited to share only if policymakers are ready to take concrete actions. """,,
4:d8df8010-334e-4fc6-b969-519394614559:5065,ENTITY,,,,,,,,"""citizens"""
4:d8df8010-334e-4fc6-b969-519394614559:5077,ENTITY,,,,,,,,"""concrete actions"""
4:d8df8010-334e-4fc6-b969-519394614559:5080,AGAINST,,author-0036,"""-ObPBoc0QQ8QWq6cFDMB""",,,"""I like the idea, but will encourage to think, that people need to be educated to use these apps. Good to provide tools, but one should also improve/develop the culture of democratic action.""",,
4:d8df8010-334e-4fc6-b969-519394614559:5081,CLUSTER,,,"""-ObCGXgU1tVrBhbJkJXO_argument_against_0""","""some citizens might use the app to express frustration, post irrelevant complaints, or make vague and repetitive reports rather than providing constructive feedback. this can overwhelm local administrations, dilute the value of legitimate requests, and ultimately reduce the system's overall effectiveness. i like the idea, but will encourage to think, that people need to be educated to use these apps. good to provide tools, but one should also improve/develop the culture of democratic action.""",,,"""Enhancing Democratic Action: The Importance of Constructive Feedback in Citizen Engagement Apps""",
4:d8df8010-334e-4fc6-b969-519394614559:5047,ENTITY,,,,,,,,"""apps"""
4:d8df8010-334e-4fc6-b969-519394614559:5048,ENTITY,,,,,,,,"""education"""
4:d8df8010-334e-4fc6-b969-519394614559:5049,ENTITY,,,,,,,,"""culture"""
4:d8df8010-334e-4fc6-b969-519394614559:5050,ENTITY,,,,,,,,"""democratic action"""
4:d8df8010-334e-4fc6-b969-519394614559:5051,ENTITY,,,,,,,,"""idea"""
4:d8df8010-334e-4fc6-b969-519394614559:5052,AGAINST,,author-0090,"""-ObltnF6gji7V9P4SjES""",,,"""Some citizens might use the app to express frustration, post irrelevant complaints, or make vague and repetitive reports rather than providing constructive feedback. This can overwhelm local administrations, dilute the value of legitimate requests, and ultimately reduce the system's overall effectiveness. Moreover, when people expect immediate results from every submission, they may grow disillusioned if responses take time, weakening trust instead of strengthening it.""",,
4:d8df8010-334e-4fc6-b969-519394614559:5053,ENTITY,,,,,,,,"""app"""
4:d8df8010-334e-4fc6-b969-519394614559:1906,ENTITY,,,,,,,,"""frustration"""
4:d8df8010-334e-4fc6-b969-519394614559:5054,ENTITY,,,,,,,,"""complaints"""
4:d8df8010-334e-4fc6-b969-519394614559:5055,ENTITY,,,,,,,,"""reports"""
4:d8df8010-334e-4fc6-b969-519394614559:5056,ENTITY,,,,,,,,"""local administrations"""
4:d8df8010-334e-4fc6-b969-519394614559:1539,ENTITY,,,,,,,,"""requests"""
4:d8df8010-334e-4fc6-b969-519394614559:5057,ENTITY,,,,,,,,"""effectiveness"""
4:d8df8010-334e-4fc6-b969-519394614559:4879,ENTITY,,,,,,,,"""system"""
4:d8df8010-334e-4fc6-b969-519394614559:5058,ENTITY,,,,,,,,"""results"""
4:d8df8010-334e-4fc6-b969-519394614559:440,ENTITY,,,,,,,,"""time"""
4:d8df8010-334e-4fc6-b969-519394614559:5059,ENTITY,,,,,,,,"""responses"""
4:d8df8010-334e-4fc6-b969-519394614559:2442,ENTITY,,,,,,,,"""trust"""
4:d8df8010-334e-4fc6-b969-519394614559:5060,ENTITY,,,,,,,,"""strengthening"""
4:d8df8010-334e-4fc6-b969-519394614559:5061,INFAVOR,,author-0072,"""-ObluL8I4yqyCtgthHht""",,,"""I agree because technology can really help citizens communicate better with public administrations and mais public service more efficien and trasparent, but these tools should be simple to' use that everyone can access them""",,
4:d8df8010-334e-4fc6-b969-519394614559:4477,ENTITY,,,,,,,,"""technology"""
4:d8df8010-334e-4fc6-b969-519394614559:5062,ENTITY,,,,,,,,"""public administrations"""
4:d8df8010-334e-4fc6-b969-519394614559:5063,ENTITY,,,,,,,,"""public service"""
4:d8df8010-334e-4fc6-b969-519394614559:1894,ENTITY,,,,,,,,"""transparent"""
4:d8df8010-334e-4fc6-b969-519394614559:236,ENTITY,,,,,,,,"""everyone"""
4:d8df8010-334e-4fc6-b969-519394614559:5064,ENTITY,,,,,,,,"""simple to use"""
4:d8df8010-334e-4fc6-b969-519394614559:5039,INFAVOR,,author-0087,"""-ObluMsHO_8sqEyFXDA5""",,,"""The statement captures the transformative potential of technology in contemporary governance—not merely as a tool for efficiency, but as a means to redefine the relationship between citizens and institutions. However, technological innovation alone does not ensure a more participatory democracy; it must be accompanied by an administrative culture that is open, transparent, and capable of translating data and feedback into informed and shared political decisions.""",,
4:d8df8010-334e-4fc6-b969-519394614559:5112,ENTITY,,,,,,,,"""transformative potential of technology"""
4:d8df8010-334e-4fc6-b969-519394614559:5113,ENTITY,,,,,,,,"""contemporary governance"""
4:d8df8010-334e-4fc6-b969-519394614559:5114,ENTITY,,,,,,,,"""tool for efficiency"""
4:d8df8010-334e-4fc6-b969-519394614559:5115,ENTITY,,,,,,,,"""participatory democracy"""
4:d8df8010-334e-4fc6-b969-519394614559:5117,ENTITY,,,,,,,,"""open and transparent"""
4:d8df8010-334e-4fc6-b969-519394614559:5116,ENTITY,,,,,,,,"""administrative culture"""
4:d8df8010-334e-4fc6-b969-519394614559:5118,ENTITY,,,,,,,,"""informed political decisions"""
4:d8df8010-334e-4fc6-b969-519394614559:5120,ENTITY,,,,,,,,"""shared political decisions"""
4:d8df8010-334e-4fc6-b969-519394614559:5119,ENTITY,,,,,,,,"""data and feedback"""
4:d8df8010-334e-4fc6-b969-519394614559:5121,ENTITY,,,,,,,,"""institutions"""
4:d8df8010-334e-4fc6-b969-519394614559:5122,INFAVOR,,author-0090,"""-Obluz2fuGWuqOwXyV_K""",,,"""One major advantage of such digital tools is that they foster greater civic engagement and transparency. By allowing citizens to report local issues directly—such as damaged roads, broken lights, or public service problems—these apps create a more open and participatory form of governance. People can see how their input leads to real action, which helps build trust in public institutions and encourages a stronger sense of shared responsibility for the community.""",,
4:d8df8010-334e-4fc6-b969-519394614559:3914,ENTITY,,,,,,,,"""civic engagement"""
4:d8df8010-334e-4fc6-b969-519394614559:4643,ENTITY,,,,,,,,"""digital tools"""
4:d8df8010-334e-4fc6-b969-519394614559:3106,ENTITY,,,,,,,,"""transparency"""
4:d8df8010-334e-4fc6-b969-519394614559:5123,ENTITY,,,,,,,,"""local issues"""
4:d8df8010-334e-4fc6-b969-519394614559:5124,ENTITY,,,,,,,,"""damaged roads"""
4:d8df8010-334e-4fc6-b969-519394614559:5125,ENTITY,,,,,,,,"""broken lights"""
4:d8df8010-334e-4fc6-b969-519394614559:5126,ENTITY,,,,,,,,"""public service problems"""
4:d8df8010-334e-4fc6-b969-519394614559:5127,ENTITY,,,,,,,,"""governance"""
4:d8df8010-334e-4fc6-b969-519394614559:5128,ENTITY,,,,,,,,"""real action"""
4:d8df8010-334e-4fc6-b969-519394614559:4066,ENTITY,,,,,,,,"""input"""
4:d8df8010-334e-4fc6-b969-519394614559:5129,ENTITY,,,,,,,,"""public institutions"""
4:d8df8010-334e-4fc6-b969-519394614559:5130,ENTITY,,,,,,,,"""shared responsibility"""
4:d8df8010-334e-4fc6-b969-519394614559:1554,ENTITY,,,,,,,,"""community"""
4:d8df8010-334e-4fc6-b969-519394614559:5131,AGAINST,,author-0050,"""-Oc0Ea1HekehCChs113V""",,,"""It depends on how the app is built and how feedback is integrated in the policymaking cycle """,,
4:d8df8010-334e-4fc6-b969-519394614559:5132,ENTITY,,,,,,,,"""policymaking cycle"""
4:d8df8010-334e-4fc6-b969-519394614559:5099,POSITION,,author-0100,"""-ObC_9ULwrUAH_I3I5Bn""",,,"""I woudl ask policymakers to stop focusing on 'trendy' issues like AI and science, and focus more on what we need in our everydaylife: better school, better housing, and a safe and green space for our children to play. Show us you care an understand our basic needs more.""",,
4:d8df8010-334e-4fc6-b969-519394614559:5133,INFAVOR,,author-0074,"""-ObODgHQzuH1T6RiUMjk""",,,"""I believe this extends to a certain extent to some foreign policy as well. Why focus on issues that whilst pressing in their own right, do not have much practical impact on the every day lives of your own people?""",,
4:d8df8010-334e-4fc6-b969-519394614559:5134,CLUSTER,,,"""-ObC_9ULwrUAH_I3I5Bn_argument_for_0""","""i believe this extends to a certain extent to some foreign policy as well. why focus on issues that whilst pressing in their own right, do not have much practical impact on the every day lives of your own people? i agree, one should not exclude the others citizens have different degree of interest on different issues that affect our life.""",,,"""Prioritizing Practical Needs: Citizens' Call for Focus on Everyday Issues""",
4:d8df8010-334e-4fc6-b969-519394614559:5139,ENTITY,,,,,,,,"""foreign policy"""
4:d8df8010-334e-4fc6-b969-519394614559:5140,ENTITY,,,,,,,,"""every day lives"""
4:d8df8010-334e-4fc6-b969-519394614559:2534,ENTITY,,,,,,,,"""issues"""
4:d8df8010-334e-4fc6-b969-519394614559:5141,ENTITY,,,,,,,,"""practical impact"""
4:d8df8010-334e-4fc6-b969-519394614559:5142,AGAINST,,author-0036,"""-ObPC0pDXwh0s652Sx07""",,,"""I like the idea. However, beter schools, housing often stem from science. Also, there are hopes for economic growth to resolce a lot of issues """,,
4:d8df8010-334e-4fc6-b969-519394614559:5143,CLUSTER,,,"""-ObC_9ULwrUAH_I3I5Bn_argument_against_0""","""i like the idea. however, beter schools, housing often stem from science. also, there are hopes for economic growth to resolce a lot of issue. i like the Idea. however,. beter school, housing, often stemfrom science.   """,,,"""Balancing Innovation and Basic Needs: The Call for Better Schools and Housing""",
4:d8df8010-334e-4fc6-b969-519394614559:5149,ENTITY,,,,,,,,"""better schools"""
4:d8df8010-334e-4fc6-b969-519394614559:5150,ENTITY,,,,,,,,"""housing"""
4:d8df8010-334e-4fc6-b969-519394614559:2591,ENTITY,,,,,,,,"""science"""
4:d8df8010-334e-4fc6-b969-519394614559:5151,ENTITY,,,,,,,,"""hopes"""
4:d8df8010-334e-4fc6-b969-519394614559:4366,ENTITY,,,,,,,,"""economic growth"""
4:d8df8010-334e-4fc6-b969-519394614559:5152,INFAVOR,,author-0050,"""-Oc0EvBnuIzb6NcgvMH5""",,,"""I agree, one should not exclude the others Citizens have different degree of interest on different issues that affect our life""",,
4:d8df8010-334e-4fc6-b969-519394614559:5153,ENTITY,,,,,,,,"""Citizens"""
4:d8df8010-334e-4fc6-b969-519394614559:5154,ENTITY,,,,,,,,"""degree of interest"""
4:d8df8010-334e-4fc6-b969-519394614559:348,ENTITY,,,,,,,,"""life"""
4:d8df8010-334e-4fc6-b969-519394614559:5100,POSITION,,author-0017,"""-ObEhb8md9ZtPmMdKgYf""",,,"""I would ask policymakers to focus more on how to adapt and mitigate the direct and indirect effects of climate change by ensuring inter-sectoral coordination because of its interlinked nature. Usually we as citizens do not think deeply about climate change much until it starts to affect negatively our access to basic needs. Policymakers should be well informed in order to develop policies which are climate sensitive.""",,
4:d8df8010-334e-4fc6-b969-519394614559:5155,INFAVOR,,author-0036,"""-ObPCVxw74w-2ZA2B3bF""",,,"""This is an important topic. However, not only policymakers and climate experts should be aware fo the issues. I think, citizens of the global world can understand it.""",,
4:d8df8010-334e-4fc6-b969-519394614559:5156,CLUSTER,,,"""-ObEhb8md9ZtPmMdKgYf_argument_for_0""","""this is an important topic. however, not only policymakers and climate experts should be aware fo the issues. i think, citizens of the global world can understand it. it is a global issue. it's not just about the U.S., it's about the world.""",,,"""Empowering Citizens: The Role of Public Awareness in Global Climate Change Solutions""",
4:d8df8010-334e-4fc6-b969-519394614559:5158,ENTITY,,,,,,,,"""climate experts"""
4:d8df8010-334e-4fc6-b969-519394614559:5159,ENTITY,,,,,,,,"""global world"""
4:d8df8010-334e-4fc6-b969-519394614559:5101,POSITION,,author-0019,"""-ObI-LacI99iPLRyYVT3""",,,"""I would ask policymakers to actually listen less to turbulent public opinion, as almost everything is polarised today. Instead, I would like to ask them to refrain from constantly engaging in populist clashes , listen to experts, and focus on expanding things everyone needs, such as schooling or housing. Think of a more technocratic role for governance, rather than a populist one. Populism only belongs in the opposition, in my opinion.""",,
4:d8df8010-334e-4fc6-b969-519394614559:5160,AGAINST,,author-0029,"""-ObS0vpH36sQsb0v1de0""",,,"""I have to disagree with this. I am from Indonesia, and just recently there was a massive nation-wide protest over the Indonesian government's overly technocratic policies and their seeming deafness towards public opinion. I think it is almost impossible for a government (especially a democratic one) to not take part in populist debates. In fact, ignoring public opinion will actually inflame populists because most of them rely on a 'us vs the elites' kind of rhetoric. Instead of talking about 'technocracy' vs 'populism', I think it's more productive to find ways how policymakers can be better communicators. Because sometimes populists reject a policy not because it is actually harmful (its content), but because of the way it is presented (its aesthetics). """,,
4:d8df8010-334e-4fc6-b969-519394614559:5161,CLUSTER,,,"""-ObI-LacI99iPLRyYVT3_argument_against_0""","""i am from indonesia, and just recently there was a massive nation-wide protest over the indonesian government's overly technocratic policies and their seeming deafness towards public opinion. i think it is almost impossible for a government (especially a democratic one) to not take part in populist debates. in fact, ignoring public opinion will actually inflame populists because most of them rely on a 'us vs the elites' kind of rhetoric.""",,,"""Navigating Populism: The Challenge of Policymakers in a Polarized Public Sphere""",
4:d8df8010-334e-4fc6-b969-519394614559:5166,ENTITY,,,,,,,,"""Indonesia"""
4:d8df8010-334e-4fc6-b969-519394614559:5167,ENTITY,,,,,,,,"""nation-wide protest"""
4:d8df8010-334e-4fc6-b969-519394614559:5170,ENTITY,,,,,,,,"""technocratic policies"""
4:d8df8010-334e-4fc6-b969-519394614559:5169,ENTITY,,,,,,,,"""Indonesian government"""
4:d8df8010-334e-4fc6-b969-519394614559:2312,ENTITY,,,,,,,,"""public opinion"""
4:d8df8010-334e-4fc6-b969-519394614559:3666,ENTITY,,,,,,,,"""government"""
4:d8df8010-334e-4fc6-b969-519394614559:5171,ENTITY,,,,,,,,"""populist debates"""
4:d8df8010-334e-4fc6-b969-519394614559:5172,ENTITY,,,,,,,,"""populists"""
4:d8df8010-334e-4fc6-b969-519394614559:5173,ENTITY,,,,,,,,"""rhetoric"""
4:d8df8010-334e-4fc6-b969-519394614559:5174,ENTITY,,,,,,,,"""technocracy"""
4:d8df8010-334e-4fc6-b969-519394614559:4353,ENTITY,,,,,,,,"""populism"""
4:d8df8010-334e-4fc6-b969-519394614559:5175,ENTITY,,,,,,,,"""communicators"""
4:d8df8010-334e-4fc6-b969-519394614559:3373,ENTITY,,,,,,,,"""policy"""
4:d8df8010-334e-4fc6-b969-519394614559:5176,ENTITY,,,,,,,,"""aesthetics"""
4:d8df8010-334e-4fc6-b969-519394614559:5102,POSITION,,author-0086,"""-ObNu-HxWMZ7EaSbR9Ac""",,,"""I would ask policy makers to engage more with the younger segments of the population. Young people are often less present in political parties at all levels (local, national, European etc.) and have less accessible, democratic alleys to voice their needs. As young people often do not have the means and opportunities to be part of the executive and legislative branches of democratic representation, policy makers should recognize this lack of representation when setting out policy priorities. For instance, the establishment of systems favouring continual dialogues between young people and policy makers with the help of new technologies could foster democratic participation. """,,
4:d8df8010-334e-4fc6-b969-519394614559:5103,POSITION,,author-0081,"""-ObOhnFyMxAVOs0PmQC_""",,,"""I would ask policymakers to focus on rebuilding citizens' trust by making political processes more transparent. I would argue that too often, decisions at both national and European levels feel hidden behind bureaucracy and jargon which can serve as a barrier to entry for younger people but also everyday citizens. By not only opening access to policy debates, but also simplifying communication, work could be done on strengthening democratic dialogue and reducing the distance between institutions and the people they serve.""",,
4:d8df8010-334e-4fc6-b969-519394614559:5104,POSITION,,author-0024,"""-ObPEx2msepZyLTOc76V""",,,"""I think that, first of all, we must admit that there is a certain inherent distance between policymakers and the population. The decisions that are made are not always idealised from the point of view of those who are close to the population, on the ground. So, I think there is a huge advantage in investing in technologies that shorten the distance between policymakers and the population, in order to create better thought-out policies. At the same time, each individual's view varies, and in a reality where populism and extremism have grown, I believe that there are also drawbacks to giving civil society this level of prominence. I believe that a balance is possible by investing in specialists and experts in a wide range of areas, although there are no specialists in all subjects, since some areas do not have a correct scientific-political trend, such as economics, where different views can be equally valid and depend on each person's perspective.""",,
4:d8df8010-334e-4fc6-b969-519394614559:5105,POSITION,,author-0025,"""-ObPfs7uRugzz3TPQPZd""",,,"""My thought is that the issue in recent times seems to transcend the lack of tools and platforms for easier communication with policy makers, it is more the polarisation of ideologies and the policy makers' partisan allegiance and dedication to political rhetoric more than people they serve. Because of polarisation, voices and priorities of others are often benched because they do not represent already set priorities. Policy makers need to take a step back and re-define their democratic responsibilities. A democratic architecture that allows for nuanced understanding of policy recommendations from citizens and does not drive political extremism. Without democratic and objective will within policy making processes, AI tools will only serve as checklist or tokenism participation tool without transcending into practical action and impact.""",,
4:d8df8010-334e-4fc6-b969-519394614559:5106,POSITION,,author-0065,"""-ObR_iADx0EOFyWK9xfo""",,,"""If I could ask policymakers to focus on something that is relevant to me, it would be the creation of sustainable and inclusive employment systems for persons with disabilities (PWDs), not as a welfare issue or a social gesture, but as a strategy for economic growth, social innovation, and policy imperative. Quite often, disability inclusion is an afterthought in labor, education, health, and digital policies, yet its potential to economic and social development cannot be overstated. Policymakers should ensure that disability inclusive frameworks are part of every sector's design and policy. Tools like AI-driven assistive technologies, inclusive skills development programs, and open data systems can be used to track accessibility outcomes. Likewise, using participatory policymaking platforms, where PWDs can actively co-design policies that affect them, will ensure accountability and relevance. If policymakers really wants to advance the EU's vision for a fair, resilient, and innovative society, they need to start by understanding that inclusion is innovation.""",,
4:d8df8010-334e-4fc6-b969-519394614559:5177,INFAVOR,,author-0050,"""-Oc0GqgtydGTZABfiQJ1""",,,"""I agree that politicians should prioritise in their choices the 'weakest' portion of population, like PWDs, children and the elderly A system built to take primarly care of those more fragile is a great sign of civilisation which automatically benefits the whole society""",,
4:d8df8010-334e-4fc6-b969-519394614559:5178,CLUSTER,,,"""-ObR_iADx0EOFyWK9xfo_argument_for_0""","""i agree that politicians should prioritise in their choices the 'weakest' portion of population, like pwds, children and the elderly. A system built to take primarly care of those more fragile is a great sign of civilisation which automatically benefits the whole society.""",,,"""Empowering the Vulnerable: Prioritizing Persons with Disabilities, Children, and the Elderly in Policy Making""",
4:d8df8010-334e-4fc6-b969-519394614559:5182,ENTITY,,,,,,,,"""weakest portion of population"""
4:d8df8010-334e-4fc6-b969-519394614559:5183,ENTITY,,,,,,,,"""PWDs"""
4:d8df8010-334e-4fc6-b969-519394614559:3595,ENTITY,,,,,,,,"""children"""
4:d8df8010-334e-4fc6-b969-519394614559:5184,ENTITY,,,,,,,,"""elderly"""
4:d8df8010-334e-4fc6-b969-519394614559:5185,ENTITY,,,,,,,,"""civilisation"""
4:d8df8010-334e-4fc6-b969-519394614559:5186,ENTITY,,,,,,,,"""whole society"""
4:d8df8010-334e-4fc6-b969-519394614559:5107,POSITION,,author-0030,"""-ObSBVBoQAhtsNaPWKsM""",,,"""I would ask that policy makers focus on building a system of policies that allows citizens to trust the government that their future is protected and also allows them to thrive and live their best life in the present""",,
4:d8df8010-334e-4fc6-b969-519394614559:5108,POSITION,,author-0062,"""-OblrZ1N0Kc-Pll2U-Es""",,,"""I would ask policymakers to focus on creating real opportunities for young people, both in education and in employment. Many young citizens today feel uncertain about their future and disconnected from political decisions that affect their lives. Governments should work to make education more accessible, housing more affordable, and jobs more stable. They should also create spaces where young people can actively participate in shaping the future of their communities. By supporting innovation, mental health, and social inclusion, policymakers can help new generations build meaningful, independent lives and feel truly represented in the society they live in.""",,
4:d8df8010-334e-4fc6-b969-519394614559:5187,INFAVOR,,author-0056,"""-ObltzcHMRvidkXkQfH4""",,,"""I completely agree — young people need real chances to build their future and feel included in society.""",,
4:d8df8010-334e-4fc6-b969-519394614559:5188,CLUSTER,,,"""-OblrZ1N0Kc-Pll2U-Es_argument_for_0""","""i completely agree — young people need real chances to build their future and feel included in society. i completely agree – young people must be given the chance to be part of the solution to their problems. i agree — they need to be allowed to have a say in what happens to them.""",,,"""Empowering Young People: Creating Real Opportunities for Inclusion in Society""",
4:d8df8010-334e-4fc6-b969-519394614559:5190,ENTITY,,,,,,,,"""real chances"""
4:d8df8010-334e-4fc6-b969-519394614559:3564,ENTITY,,,,,,,,"""young people"""
4:d8df8010-334e-4fc6-b969-519394614559:5109,POSITION,,author-0109,"""-Oblsd9NzhTZgz8qvSFw""",,,"""Today, architectural safety is no longer measured solely by the solidity of structures or the presence of physical barriers. We feel safe in spaces that we can trust, that we can read with ease, and that allow us to control our own experience. The sense of safety arises from places that encourage transparency and connection, that offer light, orientation, and visual continuity, rather than closure or defense. In an age marked by environmental crises and social uncertainty, architecture makes us feel safe when it succeeds in combining comfort and sustainability, intimacy and openness, protection and belonging. Thus, today, architecture makes us feel safe not because it isolates us from the world, but because it allows us to inhabit it consciously.""",,
4:d8df8010-334e-4fc6-b969-519394614559:5191,INFAVOR,,author-0076,"""-ObltM9hs36Docto8s-x""",,,"""We feel safe in spaces that do not interrupt the dialogue with the landscape but rather extend it. Transparency, permeability, and the use of local materials create a sense of environmental continuity that reassures. When the interior is not a refuge from the outside but its natural extension, architecture becomes part of a broader and more harmonious ecosystem.""",,
4:d8df8010-334e-4fc6-b969-519394614559:5192,CLUSTER,,,"""-Oblsd9NzhTZgz8qvSFw_argument_for_0""","""we feel safe when buildings tell stories we recognize. safety also arises from cultural rootedness. transparency, permeability, and the use of local materials create a sense of environmental continuity. when the interior is not a refuge from the outside but its natural extension, architecture becomes part of a broader and more harmonious ecosystem.""",,,"""Building Trust: The Role of Architectural Legibility and Environmental Continuity in Creating Safe Spaces""",
4:d8df8010-334e-4fc6-b969-519394614559:5201,ENTITY,,,,,,,,"""landscape"""
4:d8df8010-334e-4fc6-b969-519394614559:5200,ENTITY,,,,,,,,"""spaces"""
4:d8df8010-334e-4fc6-b969-519394614559:5202,ENTITY,,,,,,,,"""permeability"""
4:d8df8010-334e-4fc6-b969-519394614559:5203,ENTITY,,,,,,,,"""local materials"""
4:d8df8010-334e-4fc6-b969-519394614559:5204,ENTITY,,,,,,,,"""environmental continuity"""
4:d8df8010-334e-4fc6-b969-519394614559:5205,ENTITY,,,,,,,,"""interior"""
4:d8df8010-334e-4fc6-b969-519394614559:5206,ENTITY,,,,,,,,"""outside"""
4:d8df8010-334e-4fc6-b969-519394614559:5207,ENTITY,,,,,,,,"""architecture"""
4:d8df8010-334e-4fc6-b969-519394614559:5208,ENTITY,,,,,,,,"""ecosystem"""
4:d8df8010-334e-4fc6-b969-519394614559:5209,INFAVOR,,author-0091,"""-Oblth0LWZI-2RJsclQG""",,,"""We feel safe when buildings tell stories we recognize. Safety also arises from cultural rootedness — from feeling part of a historical and symbolic continuity. An architecture that preserves the memory of a place — through materials, proportions, and traditions — conveys stability and belonging, two profound forms of protection. """,,
4:d8df8010-334e-4fc6-b969-519394614559:5210,ENTITY,,,,,,,,"""buildings"""
4:d8df8010-334e-4fc6-b969-519394614559:5211,ENTITY,,,,,,,,"""stories"""
4:d8df8010-334e-4fc6-b969-519394614559:5212,ENTITY,,,,,,,,"""cultural rootedness"""
4:d8df8010-334e-4fc6-b969-519394614559:5213,ENTITY,,,,,,,,"""historical continuity"""
4:d8df8010-334e-4fc6-b969-519394614559:5214,ENTITY,,,,,,,,"""memory of a place"""
4:d8df8010-334e-4fc6-b969-519394614559:3270,ENTITY,,,,,,,,"""stability"""
4:d8df8010-334e-4fc6-b969-519394614559:5215,ENTITY,,,,,,,,"""belonging"""
4:d8df8010-334e-4fc6-b969-519394614559:5216,ENTITY,,,,,,,,"""protection"""
4:d8df8010-334e-4fc6-b969-519394614559:5217,INFAVOR,,author-0064,"""-ObluCXwNVWXxVYOz02_""",,,"""A place feels safe when we can understand it effortlessly — when its form speaks a familiar language. Visual orientation, spatial coherence, and architectural legibility generate trust. Today, safety is rooted in perceptual clarity: knowing where we are, where to go, and how to leave. A legible space is one that restores our sense of control and calm. """,,
4:d8df8010-334e-4fc6-b969-519394614559:5218,ENTITY,,,,,,,,"""place"""
4:d8df8010-334e-4fc6-b969-519394614559:5220,ENTITY,,,,,,,,"""familiar language"""
4:d8df8010-334e-4fc6-b969-519394614559:5219,ENTITY,,,,,,,,"""form"""
4:d8df8010-334e-4fc6-b969-519394614559:5221,ENTITY,,,,,,,,"""visual orientation"""
4:d8df8010-334e-4fc6-b969-519394614559:5222,ENTITY,,,,,,,,"""spatial coherence"""
4:d8df8010-334e-4fc6-b969-519394614559:5223,ENTITY,,,,,,,,"""architectural legibility"""
4:d8df8010-334e-4fc6-b969-519394614559:5224,ENTITY,,,,,,,,"""perceptual clarity"""
4:d8df8010-334e-4fc6-b969-519394614559:5225,ENTITY,,,,,,,,"""knowing"""
4:d8df8010-334e-4fc6-b969-519394614559:5227,ENTITY,,,,,,,,"""sense of control"""
4:d8df8010-334e-4fc6-b969-519394614559:5226,ENTITY,,,,,,,,"""legible space"""
4:d8df8010-334e-4fc6-b969-519394614559:5228,ENTITY,,,,,,,,"""calm"""
4:d8df8010-334e-4fc6-b969-519394614559:5110,POSITION,,author-0103,"""-ObltHUo25kJU2CkFPdL""",,,"""My main request to today's policymakers focuses on data security and privacy. We are all excited by the idea of dedicated apps that allow us to send real-time feedback to local government, solving problems faster. However, these platforms generate a huge volume of extremely sensitive information: we know who reported what, and especially where and when. For this reason, it is fundamental that policymakers do not view data security as a simple technical detail, but as the ethical pillar of the entire system. I would strongly ask for a clear and binding regulatory framework that enforces strict rules: Real Anonymization: Data must be processed in a way that absolutely prevents tracing back to the citizen's identity. People must feel free to report, without fear of being tracked or profiled. Maximum Security: It is necessary to mandate the use of the best encryption and cybersecurity technology to protect all collected data from hackers or internal abuse. Limited and Targeted Use: Data must be used exclusively to solve the specific problem that was reported and to improve that public service. It must be strictly forbidden to use it for different purposes, such as surveillance, marketing, or unrelated political analysis. If we do not guarantee privacy by law, citizens will not trust these apps. Without trust, the entire goal of more effective and transparent communication collapses. Data security is the only foundation upon which a responsible digital government can stand.""",,
4:d8df8010-334e-4fc6-b969-519394614559:5111,POSITION,,author-0056,"""-ObltJWP08EQvqnmowQM""",,,"""I would ask policymakers to focus on improving mental health education and support systems. Understanding and addressing mental health can help prevent violence, reduce inequality, and create safer and more compassionate communities.""",,
4:d8df8010-334e-4fc6-b969-519394614559:5229,INFAVOR,,author-0073,"""-ObluH0v61VT-lXSakXm""",,,"""Architecture makes us feel safe when it respects our bodies — their rhythms, dimensions, and perceptions. Balanced temperatures, controlled sounds, natural light, and harmonious proportions generate physical and psychological well-being. Safety is no longer a wall, but a sensory condition: the body recognizes as 'safe' the space that welcomes it without strain. """,,
4:d8df8010-334e-4fc6-b969-519394614559:250,POSITION,,author-0038,"""-ObltowfllAEKxQ2dbSi""",,,"""I'd ask policymakers to focus more on improving education quality and opportunities for young people, especially in creative and technical fields like architecture and engineering. I'd also want them to support affordable housing and sustainable urban development, since those directly affect our future.""",,
4:d8df8010-334e-4fc6-b969-519394614559:918,POSITION,,author-0078,"""-ObltuuMzn8N7Rh5yUS1""",,,"""I would ask policymakers to focus on creating stable and fair job opportunities for young people. Many young workers face insecurity, low wages, and lack of career prospects. Governments should promote fair contracts, support entrepreneurship, and make sure young people can build independent lives with dignity and stability.""",,
4:d8df8010-334e-4fc6-b969-519394614559:1901,POSITION,,author-0108,"""-ObluMAcambScWOK6uJM""",,,"""I would like to ask political decision-makers to focus their attention primarily on the citizen and their real needs. I believe it is important to take into account the hot topics of debate and the issues that often divide public opinion, but without allowing these to distract from the real and common good. Political choices should start from people, not from ideological conflicts, with the goal of improving quality of life and building a fairer society that is attentive to everyone's needs.""",,
4:d8df8010-334e-4fc6-b969-519394614559:5230,INFAVOR,,author-0056,"""-OblueWS_-OpmUSzF0oE""",,,"""I totally agree — politics should focus on people's real needs, not on divisions or ideologies.""",,
4:d8df8010-334e-4fc6-b969-519394614559:5231,CLUSTER,,,"""-ObluMAcambScWOK6uJM_argument_for_0""","""i totally agree — politics should focus on people's real needs, not on divisions or ideologies. i totally agree. politics shouldfocus on people’s real needs. not on ideologies or divisions. I’m so glad you’re here to support me.""",,,"""Bridging Divides: Prioritizing People's Needs Over Political Ideologies""",
4:d8df8010-334e-4fc6-b969-519394614559:5235,ENTITY,,,,,,,,"""people's real needs"""
4:d8df8010-334e-4fc6-b969-519394614559:5234,ENTITY,,,,,,,,"""politics"""
4:d8df8010-334e-4fc6-b969-519394614559:2093,ENTITY,,,,,,,,"""divisions"""
4:d8df8010-334e-4fc6-b969-519394614559:5236,ENTITY,,,,,,,,"""ideologies"""
4:d8df8010-334e-4fc6-b969-519394614559:2289,POSITION,,author-0046,"""-OblveHs_5zZ-CjCf2ig""",,,"""i would like policymakers to use a more objective approach, trying to fix the main problems that we have instead of relying on a trendy slogan.I think populism is the main problem in today's society, it's important to keep the essential matters the main thing, and focus on improving them first, even if they are not 'trendy' like other themes that could generate more approval from the people, but only in the short term. I think that this approach could be beneficial in the long run: people resume to populism because they try to find a reason behind the problems of society, but if we start to fix the problems instead, we might reduce the need for populism at all.""",,
4:d8df8010-334e-4fc6-b969-519394614559:2623,POSITION,,author-0007,"""-OblwBAUag-4Ajq_9hi_""",,,"""I would ask political leaders to listen more to public opinion and avoid pursuing policies that favor only themselves and a few small groups of the population, I think this would encourage greater trust, interest and participation in political life. It would also be useful to establish direct means of communication so that you can actually feel listened to. """,,
4:d8df8010-334e-4fc6-b969-519394614559:3047,POSITION,,author-0088,"""-OblwMQWSeL_ZuddFhFm""",,,"""'I would ask policymakers to focus more on protecting the environment and promoting the green transition. It's essential to invest in renewable energy, sustainable mobility, and policies that reduce pollution, because climate change is a challenge that affects us all. Building a greener future means improving quality of life, creating new jobs, and ensuring a livable planet for future generations.'""",,
4:d8df8010-334e-4fc6-b969-519394614559:5067,POSITION,,author-0094,"""-OblwNLqRaP-xwv6Ua4_""",,,"""I would suggest that policymakers pay more attention to the issue of affordable housing for students. It may not be the most urgent matter for the country as a whole, but for many young people who move away from home to study, it represents a real challenge. Finding suitable accommodation is often difficult due to high rents and poor living conditions, and this can strongly affect students' wellbeing and academic performance. Investing in young people means investing in the country's future. Education and training are essential for progress, and if students continue to face such obstacles, many will eventually choose to leave Italy in search of better opportunities. Supporting students through more accessible housing would be a concrete way to help them build their future here and to strengthen the future of the country itself.""",,
4:d8df8010-334e-4fc6-b969-519394614559:5068,POSITION,,author-0001,"""-OblwOvNhCIwgUAWS_vb""",,,"""What I would ask policymakers to focus on is the issue of university tuition fees for students. The rising cost of tuition and living expenses makes it increasingly difficult for many students to continue their studies. There is a need for more scholarships, financial support for students living away from home, and investments in affordable student housing.""",,
4:d8df8010-334e-4fc6-b969-519394614559:5069,POSITION,,author-0096,"""-Obly56hDEARaFRnWBM2""",,,"""I would ask politics to improve welfare and social policies, on a multi-scale dimension, in order to promote the growth of a new sense of community among people. """,,
4:d8df8010-334e-4fc6-b969-519394614559:5237,INFAVOR,,author-0004,"""-OcZb4wC8GmDL3PoBPeV""",,,"""Social welfare and focus on education """,,
4:d8df8010-334e-4fc6-b969-519394614559:5238,CLUSTER,,,"""-Obly56hDEARaFRnWBM2_argument_for_0""","""social welfare and focus on education is a key focus for the new government. The new government will focus on the welfare of children and young people. It will also focus on their education, with a focus on primary and secondary education. The government will also look to improve the quality of children's education.""",,,"""Enhancing Social Welfare and Education: A Commitment to Children's Future""",
4:d8df8010-334e-4fc6-b969-519394614559:5239,ENTITY,,,,,,,,"""Social welfare"""
4:d8df8010-334e-4fc6-b969-519394614559:5070,POSITION,,author-0004,"""-OcZbXABnTQxxJbFVIHf""",,,"""To give many more incentives for people to leave outside the cities.""",,
4:d8df8010-334e-4fc6-b969-519394614559:5071,POSITION,,author-0068,"""-OcaLAdXNFfcvtt-40DW""",,,"""A more thorough and global approach to citizen's digital rights""",,
4:d8df8010-334e-4fc6-b969-519394614559:5072,POSITION,,author-0043,"""-OcoYBJ6nSDQBfeftQgO""",,,"""I'd ask policymakers to establish comprehensive digital rights protections. We need a clear framework that defines what rights citizens have in digital spaces—privacy, data ownership, the right to know how decisions about us are made, and meaningful consent over how our information is used. Right now, digital rights are fragmented and inconsistent. A global approach would create baseline protections that apply regardless of where you live or which platforms you use. People feel safer when they know their rights are protected and enforceable, not just suggested guidelines that companies can ignore.""",,
